[
  {
    "name": "Little Women",
    "type": "Movie",
    "genre": [
      "historical",
      "comingOfAge",
      "bookAdaptation"
    ],
    "streaming": "Netflix, Amazon To Rent",
    "ageRating": "12",
    "description": "Determined to make her own way in the 1860s, a writer looks back at the tough yet tender times spent with her three spriited sisters and a close friend",
    "imageTitle": "Little Women",
    "image": "https://images.fandango.com/ImageRenderer/0/0/redesign/static/img/default_poster.png/0/images/masterrepository/fandango/219778/LW_OnLine_6072x9000_FNL_XMAS_Lk_03.jpg"
  },
  {
    "name": "People We Meet On Vacation",
    "type": "Movie",
    "genre": [
      "romance",
      "comedy",
      "bookAdaptation"
    ],
    "streaming": "Netflix",
    "ageRating": "12",
    "description": "Based on Emily Henry's book, total opposites Poppy and Alex grow closer over years of summer travels - until one trip changes everything.",
    "imageTitle": "People We Meet On Vacation",
    "image": "https://moviesallaround.com/wp-content/uploads/2026/01/People-We-Meet-On-Vacation-Movie-Review-2026.jpg"
  },
  {
    "name": "Pitch Perfect",
    "type": "Movie",
    "genre": [
      "comedy",
      "musical"
    ],
    "streaming": "Netflix, Amazon To Rent",
    "ageRating": "12",
    "description": "It's a musical showdown when Beca joins an accapella group and revamps their stodgy style to take on a university competition",
    "imageTitle": "Pitch Perfect",
    "image": "https://www.themoviedb.org/t/p/original/H78uA7tDGvDDSwWICx0aKpCpFi.jpg"
  },
  {
    "name": "The Salt Path",
    "type": "Movie",
    "genre": [
      "biographical",
      "drama",
      "bookAdaptation"
    ],
    "streaming": "Amazon Prime",
    "ageRating": "12",
    "description": "Based on Raynor Winn's bestseller, The Salt Path tells the emotional and life-affirming story of a couple whose connection with the natural world helps them overcome challenges and ultimately reconnect with one another",
    "imageTitle": "The Salt Path",
    "image": "https://image.tmdb.org/t/p/original/hxFVQwuY3frktKxG5ySY35o5MkO.jpg"
  },
  {
    "name": "Bottoms",
    "type": "Movie",
    "genre": [
      "comedy",
      "lgbtq",
      "youngAdult"
    ],
    "streaming": "Amazon Prime",
    "ageRating": "15",
    "description": "In this refreshingly outspoken and raunchy comedy, two unpopular girls in their senior year of high school start a fight club to try to impress and hook up with cheerleaders. But are they in over their heads?",
    "imageTitle": "Bottoms",
    "image": "https://image.tmdb.org/t/p/original/hMWzeRgamVykBnV3BU2Spu9D27U.jpg"
  },
  {
    "name": "Final Destination 1",
    "type": "Movie",
    "genre": [
      "horror"
    ],
    "streaming": "Amazon Prime",
    "ageRating": "15",
    "description": "When a teenager has a premonition that the plane he's about to board is going to explode, he throws a fit and gets him and his friends kicked off it. Shockingly, the plane crashes. As the group begins to die mysteriously one by one, the remaining survivors must try to figure out what is going on before they join the other victims.",
    "imageTitle": "Final Destination 1",
    "image": "https://upload.wikimedia.org/wikipedia/en/9/99/Final_destination_09.jpg"
  },
  {
    "name": "The Avengers",
    "type": "Movie",
    "genre": [
      "action"
    ],
    "streaming": "Disney+, Amazon To Rent",
    "ageRating": "12",
    "description": "Marvel makes cinematic history as the Super Hero team of a lifetime assemble for the first time ever in this action-packed blockbuster! Packed with spectacular visual effects, Marvel's The Avengers will blow your mind!",
    "imageTitle": "The Avengers",
    "image": "https://i.ebayimg.com/images/g/wy8AAOSwGMFcv5s2/s-l1200.jpg"
  },
  {
    "name": "Twilight",
    "type": "Movie",
    "genre": [
      "fantasy",
      "romance",
      "bookAdaptation"
    ],
    "streaming": "Disney+, Amazon Prime",
    "ageRating": "12",
    "description": "A teenage girl falls for a mysterious classmate with a possibly deadly secret.",
    "imageTitle": "Twilight",
    "image": "https://static.posters.cz/image/1300/4601.jpg"
  },
  {
    "name": "Shrek",
    "type": "Movie",
    "genre": [
      "action",
      "comedy",
      "kids"
    ],
    "streaming": "Disney+, Amazon Prime",
    "ageRating": "PG",
    "description": "A grouchy ogre and his jabbering donkey sidekick set out to rescue an imprisoned princess.",
    "imageTitle": "Shrek",
    "image": "https://i.ebayimg.com/images/g/xzgAAOSwgHZYCrsb/s-l1200.jpg"
  },
  {
    "name": "The Hunger Games",
    "type": "Movie",
    "genre": [
      "action",
      "dystopian",
      "youngAdult",
      "bookAdaptation"
    ],
    "streaming": "Amazon Prime, IPlayer",
    "ageRating": "12",
    "description": "In a dystopian future, Katniss Everdeen voluntarily takes her younger sister's place in the Hunger Games, a televised fight to the death in which two teenagers from each of the twelve Districts of Panem compete until only 1 survives. Katniss is forced to rely on her sharp instincts and the mentorship of former victor Haymitch Abernathy.",
    "imageTitle": "The Hunger Games",
    "image": "https://i.ebayimg.com/00/s/MTYwMFgxMDgw/z/8UoAAOSwn8pbJQiQ/$_57.JPG?set_id=8800005007"
  },
  {
    "name": "Paddington",
    "type": "Movie",
    "genre": [
      "comedy",
      "kids",
      "adventure",
      "bookAdaptation"
    ],
    "streaming": "Amazon Prime, IPlayer",
    "ageRating": "PG",
    "description": "A young Peruvian bear with a passion for all things British travels to London in search of a home.",
    "imageTitle": "Paddington",
    "image": "https://m.media-amazon.com/images/I/81ajUVs6ddL._AC_UF894,1000_QL80_.jpg"
  },
  {
    "name": "Bridgerton",
    "type": "TV",
    "genre": [
      "historical",
      "romance",
      "bookAdaptation"
    ],
    "streaming": "Netflix",
    "ageRating": "15",
    "description": "The eight close-knit siblings of the nobles and powerful Bridgerton family navigate London high socirty in search of love, surrounded by friends and rivals alike.",
    "imageTitle": "Bridgerton",
    "image": "https://www.whats-on-netflix.com/wp-content/uploads/covers-2024/bridgerton.jpeg"
  },
  {
    "name": "Taskmaster",
    "type": "TV",
    "genre": [
      "comedy",
      "gameshow"
    ],
    "streaming": "Netflix, All4",
    "ageRating": "15",
    "description": "In this British comedy panel game show, a group of 5 celebrities compete in a series of bizarre and creative tasks, judged by the Taskmaster, Greg Davies, and his assistant, Alex Horne. ",
    "imageTitle": "Taskmaster",
    "image": "https://m.media-amazon.com/images/M/MV5BY2RmNmM1YzAtOWJlMi00NTdiLWEwN2MtNDliNGI3NmUxMTk3XkEyXkFqcGc@._V1_.jpg"
  },
  {
    "name": "Motherland",
    "type": "TV",
    "genre": [
      "comedy"
    ],
    "streaming": "IPlayer, Netflix",
    "ageRating": "15",
    "description": "It's a mum-eat-mum world. The brave women and men of the school run come face to face with playdate politics, the PTA's reign of terror and never having a pee by yourself.",
    "imageTitle": "Motherland",
    "image": "https://m.media-amazon.com/images/M/MV5BY2M5NTYyYzgtZGM1Ny00ZWZmLTgzMTUtMjdlZWVmNjQ1OTcyXkEyXkFqcGc@._V1_FMjpg_UX1000_.jpg"
  },
  {
    "name": "House M.D.",
    "type": "TV",
    "genre": [
      "drama"
    ],
    "streaming": "Netflix, Amazon Prime",
    "ageRating": "15",
    "description": "Using a crack team of doctors and his wits, an antisocial maverick doctor specializing in diagnostic medicine does whatever it takes to solve puzzling cases that come his way.",
    "imageTitle": "House M.D.",
    "image": "https://m.media-amazon.com/images/M/MV5BMjgxYjAwNmMtYTAwZC00YmQxLWJlOTMtMWM0NGJmNDE0YmI2XkEyXkFqcGc@._V1_FMjpg_UX1000_.jpg"
  },
  {
    "name": "The Summer I Turned Pretty",
    "type": "TV",
    "genre": [
      "youngAdult",
      "romance",
      "bookAdaptation"
    ],
    "streaming": "Amazon Prime",
    "ageRating": "15",
    "description": "A love triangle between one girl and two brothers. A story about first love, first heartbreak, and the magic of that one perfect summer.",
    "imageTitle": "The Summer I Turned Pretty",
    "image": "https://resizing.flixster.com/-XZAfHZM39UwaGJIFWKAE8fS0ak=/v3/t/assets/p22096756_b_v13_aa.jpg"
  },
  {
    "name": "Fleabag",
    "type": "TV",
    "genre": [
      "comedy"
    ],
    "streaming": "Amazon Prime",
    "ageRating": "15",
    "description": "Meet Fleabag. She's not talking to all of us - she's talking to you. So why don't you pop your top off and come right in?",
    "imageTitle": "Fleabag",
    "image": "https://resizing.flixster.com/IXWkCwJyyH0hL8Yqv0GqH2kKMRo=/fit-in/705x460/v2/https://resizing.flixster.com/-XZAfHZM39UwaGJIFWKAE8fS0ak=/v3/t/assets/p13139614_b_v10_ac.jpg"
  },
  {
    "name": "Daisy Jones and the Six",
    "type": "TV",
    "genre": [
      "historical",
      "romance",
      "bookAdaptation"
    ],
    "streaming": "Amazon Prime",
    "ageRating": "15",
    "description": "In 1977, Daisy Jones & The Six were on top of the world. Fronted by two heat seeking missiles, the band had risen from obscurity to fame. And then, after a sold-out show at Chicago's Soldier Field, they called it quits. Now, decades later, the band members finally agree to reveal the truth. This is the story of how an iconic band imploded at the height of its powers.",
    "imageTitle": "Diasy Jones and the Six",
    "image": "https://m.media-amazon.com/images/M/MV5BOTMwNzIzZDItYzYzYS00ZDA4LThiNmYtYTJjYjMwZTUxNTk1XkEyXkFqcGc@._V1_.jpg"
  },
  {
    "name": "Peppa Pig",
    "type": "TV",
    "genre": [
      "kids"
    ],
    "streaming": "Amazon Prime, Disney+, IPlayer",
    "ageRating": "U",
    "description": "Peppa Pig is a loveable, cheeky little piggy who lives with her little brother George, Mummy Pig and Daddy Pig. Peppa's favourite things include playing games, dressing up, days out and jumping in muddy puddles. Her adventures always end happily with loud snorts of laughter!",
    "imageTitle": "Peppa Pig",
    "image": "https://m.media-amazon.com/images/M/MV5BYmZjZWQ0OTktODdlYy00ZjA1LWJlNzYtNmYwMDc4YzQzZmQwXkEyXkFqcGc@._V1_.jpg"
  },
  {
    "name": "Downton Abbey",
    "type": "TV",
    "genre": [
      "historical",
      "drama"
    ],
    "streaming": "Disney+, Netflix, ITVX, Amazon Prime",
    "ageRating": "12",
    "description": "The Downton Abbey estate stands a splendid example of confidence and mettle, its family enduring for generations and its staff a well-oiled machine of propriety. But change is afoot at Downton - change far surpassing the new electric lights and telephone",
    "imageTitle": "Downton Abbey",
    "image": "https://upload.wikimedia.org/wikipedia/en/thumb/3/32/Downton_Abbey_Series_1.jpg/250px-Downton_Abbey_Series_1.jpg"
  },
  {
    "name": "Normal People",
    "type": "TV",
    "genre": [
      "romance",
      "drama",
      "comingOfAge",
      "bookAdaptation"
    ],
    "streaming": "Disney+, Neltfix, IPlayer",
    "ageRating": "15",
    "description": "The electricity of first love between two people who changed each other’s lives. Based on Sally Rooney’s best-selling novel.",
    "imageTitle": "Normal People",
    "image": "https://image.tmdb.org/t/p/w1280/c4mk4EQVIM11yd3W43DDdqDazDU.jpg"
  },
  {
    "name": "Bluey",
    "type": "TV",
    "genre": [
      "kids"
    ],
    "streaming": "Disney+, IPlayer",
    "ageRating": "U",
    "description": "Bluey follows the adventures of a lovable and inexhaustible six-year-old Blue Heeler puppy who lives with her dad, mum and four-year-old little sister, Bingo.",
    "imageTitle": "Bluey",
    "image": "https://media-cache.cinematerial.com/p/500x/gd18mdvl/bluey-video-on-demand-movie-cover.jpg?v=1704195187"
  },
  {
    "name": "The Traitors UK",
    "type": "TV",
    "genre": [
      "gameshow"
    ],
    "streaming": "IPlayer",
    "ageRating": "15",
    "description": "Get them before they get you. 22 people, one castle, £120k - Claudia Winkleman hosts the ultimate reality game of trust and treachery. Let the mind games begin.",
    "imageTitle": "The Traitors UK",
    "image": "https://m.media-amazon.com/images/M/MV5BODFlZTE3YzgtZDBkZC00NDA2LWI2OGQtZWQ5MGY4MmFjZTYxXkEyXkFqcGc@._V1_.jpg"
  }
]